{"root_uri": null, "rv_config": {}, "plugin_versions": {"rastervision.pytorch_backend": 0, "rastervision.pytorch_learner": 1, "rastervision.core": 0, "rastervision.gdal_vsi": 0, "rastervision.aws_batch": 0, "rastervision.aws_s3": 0, "rastervision.pipeline": 0}, "type_hint": "learner_pipeline", "learner": {"model": {"backbone": "resnet50", "pretrained": true, "init_weights": null, "type_hint": "classification_model"}, "solver": {"lr": 0.0001, "num_epochs": 20, "test_num_epochs": 3, "test_batch_sz": 4, "overfit_num_steps": 1, "sync_interval": 1, "batch_sz": 20, "one_cycle": true, "multi_stage": [], "type_hint": "solver"}, "data": {"uri": "/opt/data/output/chip", "train_sz": null, "group_uris": null, "group_train_sz": null, "data_format": "image_folder", "class_names": ["no_building", "building"], "class_colors": [[177, 157, 193], [185, 32, 138]], "img_sz": 256, "num_workers": 4, "augmentors": ["RandomRotate90", "HorizontalFlip", "VerticalFlip"], "type_hint": "classification_data"}, "predict_mode": false, "test_mode": false, "overfit_mode": false, "eval_train": false, "save_model_bundle": true, "log_tensorboard": true, "run_tensorboard": true, "output_uri": "/opt/data/output/train", "type_hint": "classification_learner"}}