{"root_uri": "/opt/data/output", "rv_config": {}, "plugin_versions": {"rastervision.pytorch_backend": 0, "rastervision.pytorch_learner": 1, "rastervision.core": 0, "rastervision.gdal_vsi": 0, "rastervision.aws_batch": 0, "rastervision.aws_s3": 0, "rastervision.pipeline": 0}, "type_hint": "prechip_chipclassification", "dataset": {"class_config": {"names": ["no_building", "building"], "colors": [[177, 157, 193], [185, 32, 138]], "null_class": null, "type_hint": "class_config"}, "train_scenes": [{"id": "Job01P001_8bitRGB_processed", "raster_source": {"channel_order": [0, 1, 2], "transformers": [], "type_hint": "rasterio_source", "uris": ["/opt/data/Imagery/ESPG4326/Job01P001_8bitRGB_processed.tif"], "x_shift": 0.0, "y_shift": 0.0}, "label_source": {"type_hint": "chip_classification_label_source", "vector_source": {"default_class_id": 0, "class_id_to_filter": null, "line_bufs": null, "point_bufs": null, "type_hint": "geojson_vector_source", "uri": "/opt/data/Processed/TrainingGeoJSON/ImageID_2.geojson", "ignore_crs_field": true}, "ioa_thresh": null, "use_intersection_over_cell": false, "pick_min_class_id": false, "background_class_id": null, "infer_cells": false, "cell_sz": 256}, "label_store": {"type_hint": "chip_classification_geojson_store", "uri": "/opt/data/output/predict/Job01P001_8bitRGB_processed.json"}, "aoi_uris": null, "type_hint": "scene"}, {"id": "Job01P002_8bitRGB_processed", "raster_source": {"channel_order": [0, 1, 2], "transformers": [], "type_hint": "rasterio_source", "uris": ["/opt/data/Imagery/ESPG4326/Job01P002_8bitRGB_processed.tif"], "x_shift": 0.0, "y_shift": 0.0}, "label_source": {"type_hint": "chip_classification_label_source", "vector_source": {"default_class_id": 0, "class_id_to_filter": null, "line_bufs": null, "point_bufs": null, "type_hint": "geojson_vector_source", "uri": "/opt/data/Processed/TrainingGeoJSON/ImageID_0.geojson", "ignore_crs_field": true}, "ioa_thresh": null, "use_intersection_over_cell": false, "pick_min_class_id": false, "background_class_id": null, "infer_cells": false, "cell_sz": 256}, "label_store": {"type_hint": "chip_classification_geojson_store", "uri": "/opt/data/output/predict/Job01P002_8bitRGB_processed.json"}, "aoi_uris": null, "type_hint": "scene"}, {"id": "Job02P001_8bitRGB_processed", "raster_source": {"channel_order": [0, 1, 2], "transformers": [], "type_hint": "rasterio_source", "uris": ["/opt/data/Imagery/ESPG4326/Job02P001_8bitRGB_processed.tif"], "x_shift": 0.0, "y_shift": 0.0}, "label_source": {"type_hint": "chip_classification_label_source", "vector_source": {"default_class_id": 0, "class_id_to_filter": null, "line_bufs": null, "point_bufs": null, "type_hint": "geojson_vector_source", "uri": "/opt/data/Processed/TrainingGeoJSON/ImageID_4.geojson", "ignore_crs_field": true}, "ioa_thresh": null, "use_intersection_over_cell": false, "pick_min_class_id": false, "background_class_id": null, "infer_cells": false, "cell_sz": 256}, "label_store": {"type_hint": "chip_classification_geojson_store", "uri": "/opt/data/output/predict/Job02P001_8bitRGB_processed.json"}, "aoi_uris": null, "type_hint": "scene"}, {"id": "Job02P002_8bitRGB_processed", "raster_source": {"channel_order": [0, 1, 2], "transformers": [], "type_hint": "rasterio_source", "uris": ["/opt/data/Imagery/ESPG4326/Job02P002_8bitRGB_processed.tif"], "x_shift": 0.0, "y_shift": 0.0}, "label_source": {"type_hint": "chip_classification_label_source", "vector_source": {"default_class_id": 0, "class_id_to_filter": null, "line_bufs": null, "point_bufs": null, "type_hint": "geojson_vector_source", "uri": "/opt/data/Processed/TrainingGeoJSON/ImageID_6.geojson", "ignore_crs_field": true}, "ioa_thresh": null, "use_intersection_over_cell": false, "pick_min_class_id": false, "background_class_id": null, "infer_cells": false, "cell_sz": 256}, "label_store": {"type_hint": "chip_classification_geojson_store", "uri": "/opt/data/output/predict/Job02P002_8bitRGB_processed.json"}, "aoi_uris": null, "type_hint": "scene"}, {"id": "Job02P003_8bitRGB_processed", "raster_source": {"channel_order": [0, 1, 2], "transformers": [], "type_hint": "rasterio_source", "uris": ["/opt/data/Imagery/ESPG4326/Job02P003_8bitRGB_processed.tif"], "x_shift": 0.0, "y_shift": 0.0}, "label_source": {"type_hint": "chip_classification_label_source", "vector_source": {"default_class_id": 0, "class_id_to_filter": null, "line_bufs": null, "point_bufs": null, "type_hint": "geojson_vector_source", "uri": "/opt/data/Processed/TrainingGeoJSON/ImageID_3.geojson", "ignore_crs_field": true}, "ioa_thresh": null, "use_intersection_over_cell": false, "pick_min_class_id": false, "background_class_id": null, "infer_cells": false, "cell_sz": 256}, "label_store": {"type_hint": "chip_classification_geojson_store", "uri": "/opt/data/output/predict/Job02P003_8bitRGB_processed.json"}, "aoi_uris": null, "type_hint": "scene"}, {"id": "Job02P004_8bitRGB_processed", "raster_source": {"channel_order": [0, 1, 2], "transformers": [], "type_hint": "rasterio_source", "uris": ["/opt/data/Imagery/ESPG4326/Job02P004_8bitRGB_processed.tif"], "x_shift": 0.0, "y_shift": 0.0}, "label_source": {"type_hint": "chip_classification_label_source", "vector_source": {"default_class_id": 0, "class_id_to_filter": null, "line_bufs": null, "point_bufs": null, "type_hint": "geojson_vector_source", "uri": "/opt/data/Processed/TrainingGeoJSON/ImageID_1.geojson", "ignore_crs_field": true}, "ioa_thresh": null, "use_intersection_over_cell": false, "pick_min_class_id": false, "background_class_id": null, "infer_cells": false, "cell_sz": 256}, "label_store": {"type_hint": "chip_classification_geojson_store", "uri": "/opt/data/output/predict/Job02P004_8bitRGB_processed.json"}, "aoi_uris": null, "type_hint": "scene"}, {"id": "Job02P005_8bitRGB_processed", "raster_source": {"channel_order": [0, 1, 2], "transformers": [], "type_hint": "rasterio_source", "uris": ["/opt/data/Imagery/ESPG4326/Job02P005_8bitRGB_processed.tif"], "x_shift": 0.0, "y_shift": 0.0}, "label_source": {"type_hint": "chip_classification_label_source", "vector_source": {"default_class_id": 0, "class_id_to_filter": null, "line_bufs": null, "point_bufs": null, "type_hint": "geojson_vector_source", "uri": "/opt/data/Processed/TrainingGeoJSON/ImageID_5.geojson", "ignore_crs_field": true}, "ioa_thresh": null, "use_intersection_over_cell": false, "pick_min_class_id": false, "background_class_id": null, "infer_cells": false, "cell_sz": 256}, "label_store": {"type_hint": "chip_classification_geojson_store", "uri": "/opt/data/output/predict/Job02P005_8bitRGB_processed.json"}, "aoi_uris": null, "type_hint": "scene"}], "validation_scenes": [{"id": "Job01P001_8bitRGB_processed", "raster_source": {"channel_order": [0, 1, 2], "transformers": [], "type_hint": "rasterio_source", "uris": ["/opt/data/Imagery/ESPG4326/Job01P001_8bitRGB_processed.tif"], "x_shift": 0.0, "y_shift": 0.0}, "label_source": {"type_hint": "chip_classification_label_source", "vector_source": {"default_class_id": 0, "class_id_to_filter": null, "line_bufs": null, "point_bufs": null, "type_hint": "geojson_vector_source", "uri": "/opt/data/Processed/ValidationGeoJSON/ImageID_2.geojson", "ignore_crs_field": true}, "ioa_thresh": null, "use_intersection_over_cell": false, "pick_min_class_id": false, "background_class_id": null, "infer_cells": false, "cell_sz": 256}, "label_store": {"type_hint": "chip_classification_geojson_store", "uri": "/opt/data/output/predict/Job01P001_8bitRGB_processed.json"}, "aoi_uris": null, "type_hint": "scene"}, {"id": "Job01P002_8bitRGB_processed", "raster_source": {"channel_order": [0, 1, 2], "transformers": [], "type_hint": "rasterio_source", "uris": ["/opt/data/Imagery/ESPG4326/Job01P002_8bitRGB_processed.tif"], "x_shift": 0.0, "y_shift": 0.0}, "label_source": {"type_hint": "chip_classification_label_source", "vector_source": {"default_class_id": 0, "class_id_to_filter": null, "line_bufs": null, "point_bufs": null, "type_hint": "geojson_vector_source", "uri": "/opt/data/Processed/ValidationGeoJSON/ImageID_0.geojson", "ignore_crs_field": true}, "ioa_thresh": null, "use_intersection_over_cell": false, "pick_min_class_id": false, "background_class_id": null, "infer_cells": false, "cell_sz": 256}, "label_store": {"type_hint": "chip_classification_geojson_store", "uri": "/opt/data/output/predict/Job01P002_8bitRGB_processed.json"}, "aoi_uris": null, "type_hint": "scene"}, {"id": "Job02P001_8bitRGB_processed", "raster_source": {"channel_order": [0, 1, 2], "transformers": [], "type_hint": "rasterio_source", "uris": ["/opt/data/Imagery/ESPG4326/Job02P001_8bitRGB_processed.tif"], "x_shift": 0.0, "y_shift": 0.0}, "label_source": {"type_hint": "chip_classification_label_source", "vector_source": {"default_class_id": 0, "class_id_to_filter": null, "line_bufs": null, "point_bufs": null, "type_hint": "geojson_vector_source", "uri": "/opt/data/Processed/ValidationGeoJSON/ImageID_4.geojson", "ignore_crs_field": true}, "ioa_thresh": null, "use_intersection_over_cell": false, "pick_min_class_id": false, "background_class_id": null, "infer_cells": false, "cell_sz": 256}, "label_store": {"type_hint": "chip_classification_geojson_store", "uri": "/opt/data/output/predict/Job02P001_8bitRGB_processed.json"}, "aoi_uris": null, "type_hint": "scene"}, {"id": "Job02P002_8bitRGB_processed", "raster_source": {"channel_order": [0, 1, 2], "transformers": [], "type_hint": "rasterio_source", "uris": ["/opt/data/Imagery/ESPG4326/Job02P002_8bitRGB_processed.tif"], "x_shift": 0.0, "y_shift": 0.0}, "label_source": {"type_hint": "chip_classification_label_source", "vector_source": {"default_class_id": 0, "class_id_to_filter": null, "line_bufs": null, "point_bufs": null, "type_hint": "geojson_vector_source", "uri": "/opt/data/Processed/ValidationGeoJSON/ImageID_6.geojson", "ignore_crs_field": true}, "ioa_thresh": null, "use_intersection_over_cell": false, "pick_min_class_id": false, "background_class_id": null, "infer_cells": false, "cell_sz": 256}, "label_store": {"type_hint": "chip_classification_geojson_store", "uri": "/opt/data/output/predict/Job02P002_8bitRGB_processed.json"}, "aoi_uris": null, "type_hint": "scene"}, {"id": "Job02P003_8bitRGB_processed", "raster_source": {"channel_order": [0, 1, 2], "transformers": [], "type_hint": "rasterio_source", "uris": ["/opt/data/Imagery/ESPG4326/Job02P003_8bitRGB_processed.tif"], "x_shift": 0.0, "y_shift": 0.0}, "label_source": {"type_hint": "chip_classification_label_source", "vector_source": {"default_class_id": 0, "class_id_to_filter": null, "line_bufs": null, "point_bufs": null, "type_hint": "geojson_vector_source", "uri": "/opt/data/Processed/ValidationGeoJSON/ImageID_3.geojson", "ignore_crs_field": true}, "ioa_thresh": null, "use_intersection_over_cell": false, "pick_min_class_id": false, "background_class_id": null, "infer_cells": false, "cell_sz": 256}, "label_store": {"type_hint": "chip_classification_geojson_store", "uri": "/opt/data/output/predict/Job02P003_8bitRGB_processed.json"}, "aoi_uris": null, "type_hint": "scene"}, {"id": "Job02P004_8bitRGB_processed", "raster_source": {"channel_order": [0, 1, 2], "transformers": [], "type_hint": "rasterio_source", "uris": ["/opt/data/Imagery/ESPG4326/Job02P004_8bitRGB_processed.tif"], "x_shift": 0.0, "y_shift": 0.0}, "label_source": {"type_hint": "chip_classification_label_source", "vector_source": {"default_class_id": 0, "class_id_to_filter": null, "line_bufs": null, "point_bufs": null, "type_hint": "geojson_vector_source", "uri": "/opt/data/Processed/ValidationGeoJSON/ImageID_1.geojson", "ignore_crs_field": true}, "ioa_thresh": null, "use_intersection_over_cell": false, "pick_min_class_id": false, "background_class_id": null, "infer_cells": false, "cell_sz": 256}, "label_store": {"type_hint": "chip_classification_geojson_store", "uri": "/opt/data/output/predict/Job02P004_8bitRGB_processed.json"}, "aoi_uris": null, "type_hint": "scene"}, {"id": "Job02P005_8bitRGB_processed", "raster_source": {"channel_order": [0, 1, 2], "transformers": [], "type_hint": "rasterio_source", "uris": ["/opt/data/Imagery/ESPG4326/Job02P005_8bitRGB_processed.tif"], "x_shift": 0.0, "y_shift": 0.0}, "label_source": {"type_hint": "chip_classification_label_source", "vector_source": {"default_class_id": 0, "class_id_to_filter": null, "line_bufs": null, "point_bufs": null, "type_hint": "geojson_vector_source", "uri": "/opt/data/Processed/ValidationGeoJSON/ImageID_5.geojson", "ignore_crs_field": true}, "ioa_thresh": null, "use_intersection_over_cell": false, "pick_min_class_id": false, "background_class_id": null, "infer_cells": false, "cell_sz": 256}, "label_store": {"type_hint": "chip_classification_geojson_store", "uri": "/opt/data/output/predict/Job02P005_8bitRGB_processed.json"}, "aoi_uris": null, "type_hint": "scene"}], "test_scenes": [], "type_hint": "dataset"}, "backend": {"type_hint": "pytorch_chip_classification_backend", "model": {"backbone": "resnet50", "pretrained": true, "init_weights": null, "type_hint": "classification_model"}, "solver": {"lr": 0.0001, "num_epochs": 20, "test_num_epochs": 3, "test_batch_sz": 4, "overfit_num_steps": 1, "sync_interval": 1, "batch_sz": 20, "one_cycle": true, "multi_stage": [], "type_hint": "solver"}, "log_tensorboard": true, "run_tensorboard": true, "augmentors": ["RandomRotate90", "HorizontalFlip", "VerticalFlip"], "test_mode": false}, "evaluators": [{"output_uri": "/opt/data/output/eval/eval.json", "type_hint": "chip_classification_evaluator"}], "analyzers": [], "train_chip_sz": 256, "predict_chip_sz": 256, "predict_batch_sz": 8, "analyze_uri": "/opt/data/output/analyze", "chip_uri": "/opt/data/output/chip", "train_uri": "/opt/data/output/train", "predict_uri": "/opt/data/output/predict", "eval_uri": "/opt/data/output/eval", "bundle_uri": "/opt/data/output/bundle"}